,Source1,Source2,Weight,Tier
0,Counter-Strike 2,Multiplayer,1,Platinum
1,Counter-Strike 2,Difficult,1,Platinum
2,Counter-Strike 2,First-Person,1,Platinum
3,Counter-Strike 2,PvP,1,Platinum
4,Counter-Strike 2,Realistic,1,Platinum
5,Counter-Strike 2,Co-op,1,Platinum
6,Counter-Strike 2,Shooter,1,Platinum
7,Counter-Strike 2,Military,1,Platinum
8,Counter-Strike 2,Moddable,1,Platinum
9,Counter-Strike 2,Tactics,1,Platinum
10,Counter-Strike 2,War,1,Platinum
11,Counter-Strike 2,First-Person Shooter,1,Platinum
12,Counter-Strike 2,Strategy,1,Platinum
13,Counter-Strike 2,Action,1,Platinum
14,Tom Clancys Rainbow Six Siege,Multiplayer,1,Platinum
15,Tom Clancys Rainbow Six Siege,Difficult,1,Platinum
16,Tom Clancys Rainbow Six Siege,First-Person,1,Platinum
17,Tom Clancys Rainbow Six Siege,PvP,1,Platinum
18,Tom Clancys Rainbow Six Siege,Realistic,1,Platinum
19,Tom Clancys Rainbow Six Siege,Co-op,1,Platinum
20,Tom Clancys Rainbow Six Siege,Shooter,1,Platinum
21,Tom Clancys Rainbow Six Siege,Military,1,Platinum
22,Tom Clancys Rainbow Six Siege,Tactics,1,Platinum
23,Tom Clancys Rainbow Six Siege,War,1,Platinum
24,Tom Clancys Rainbow Six Siege,First-Person Shooter,1,Platinum
25,Tom Clancys Rainbow Six Siege,Strategy,1,Platinum
26,Tom Clancys Rainbow Six Siege,Action,1,Platinum
27,Tom Clancys Rainbow Six Siege,3D,1,Platinum
28,Sid Meiers Civilization VI,Multiplayer,1,Platinum
29,Sid Meiers Civilization VI,Co-op,1,Platinum
30,Sid Meiers Civilization VI,Moddable,1,Platinum
31,Sid Meiers Civilization VI,Tactics,1,Platinum
32,Sid Meiers Civilization VI,War,1,Platinum
33,Sid Meiers Civilization VI,Strategy,1,Platinum
34,Sid Meiers Civilization VI,Simulation,1,Platinum
35,Sid Meiers Civilization VI,Grand Strategy,1,Platinum
36,Sid Meiers Civilization VI,Turn-Based,1,Platinum
37,Sid Meiers Civilization VI,Atmospheric,1,Platinum
38,Sid Meiers Civilization VI,Building,1,Platinum
39,Sid Meiers Civilization VI,Construction,1,Platinum
40,Sid Meiers Civilization VI,Great Soundtrack,1,Platinum
41,Sid Meiers Civilization VI,Management,1,Platinum
42,Sid Meiers Civilization VI,Singleplayer,1,Platinum
43,Sid Meiers Civilization VI,Historical,1,Platinum
44,PUBG BATTLEGROUNDS,Multiplayer,1,Platinum
45,PUBG BATTLEGROUNDS,Difficult,1,Platinum
46,PUBG BATTLEGROUNDS,First-Person,1,Platinum
47,PUBG BATTLEGROUNDS,PvP,1,Platinum
48,PUBG BATTLEGROUNDS,Co-op,1,Platinum
49,PUBG BATTLEGROUNDS,Shooter,1,Platinum
50,PUBG BATTLEGROUNDS,Tactics,1,Platinum
51,PUBG BATTLEGROUNDS,First-Person Shooter,1,Platinum
52,PUBG BATTLEGROUNDS,Strategy,1,Platinum
53,PUBG BATTLEGROUNDS,Action,1,Platinum
54,PUBG BATTLEGROUNDS,Simulation,1,Platinum
55,PUBG BATTLEGROUNDS,Early Access,1,Platinum
56,PUBG BATTLEGROUNDS,Survival,1,Platinum
57,PUBG BATTLEGROUNDS,Stealth,1,Platinum
58,PUBG BATTLEGROUNDS,Third Person,1,Platinum
59,PUBG BATTLEGROUNDS,Third-Person Shooter,1,Platinum
60,Warframe,Multiplayer,1,Platinum
61,Warframe,Co-op,1,Platinum
62,Warframe,Shooter,1,Platinum
63,Warframe,First-Person Shooter,1,Platinum
64,Warframe,Action,1,Platinum
65,Warframe,Singleplayer,1,Platinum
66,Warframe,Third Person,1,Platinum
67,Warframe,Third-Person Shooter,1,Platinum
68,Warframe,PvE,1,Platinum
69,Warframe,Character Customization,1,Platinum
70,Warframe,RPG,1,Platinum
71,Warframe,Sci-fi,1,Platinum
72,Warframe,Combat,1,Platinum
73,Warframe,Action RPG,1,Platinum
74,Warframe,Massively Multiplayer,1,Platinum
75,Warframe,Free to Play,1,Platinum
76,Monster Hunter World,Multiplayer,1,Platinum
77,Monster Hunter World,Difficult,1,Platinum
78,Monster Hunter World,Co-op,1,Platinum
79,Monster Hunter World,Action,1,Platinum
80,Monster Hunter World,Atmospheric,1,Platinum
81,Monster Hunter World,Great Soundtrack,1,Platinum
82,Monster Hunter World,Singleplayer,1,Platinum
83,Monster Hunter World,Third Person,1,Platinum
84,Monster Hunter World,Character Customization,1,Platinum
85,Monster Hunter World,RPG,1,Platinum
86,Monster Hunter World,Combat,1,Platinum
87,Monster Hunter World,Action RPG,1,Platinum
88,Monster Hunter World,Adventure/Exploration,1,Platinum
89,Monster Hunter World,Replay Value,1,Platinum
90,Monster Hunter World,Open World,1,Platinum
91,Monster Hunter World,Fantasy,1,Platinum
92,Monster Hunter World,Souls-like,1,Platinum
93,Destiny 2,Multiplayer,1,Platinum
94,Destiny 2,First-Person,1,Platinum
95,Destiny 2,PvP,1,Platinum
96,Destiny 2,Co-op,1,Platinum
97,Destiny 2,Shooter,1,Platinum
98,Destiny 2,First-Person Shooter,1,Platinum
99,Destiny 2,Action,1,Platinum
100,Destiny 2,Atmospheric,1,Platinum
101,Destiny 2,PvE,1,Platinum
102,Destiny 2,Sci-fi,1,Platinum
103,Destiny 2,Massively Multiplayer,1,Platinum
104,Destiny 2,Free to Play,1,Platinum
105,Destiny 2,Adventure/Exploration,1,Platinum
106,Destiny 2,Open World,1,Platinum
107,Destiny 2,Loot,1,Platinum
108,Total War THREE KINGDOMS,Multiplayer,1,Platinum
109,Total War THREE KINGDOMS,Co-op,1,Platinum
110,Total War THREE KINGDOMS,Military,1,Platinum
111,Total War THREE KINGDOMS,Tactics,1,Platinum
112,Total War THREE KINGDOMS,War,1,Platinum
113,Total War THREE KINGDOMS,Strategy,1,Platinum
114,Total War THREE KINGDOMS,Action,1,Platinum
115,Total War THREE KINGDOMS,Simulation,1,Platinum
116,Total War THREE KINGDOMS,Grand Strategy,1,Platinum
117,Total War THREE KINGDOMS,Turn-Based,1,Platinum
118,Total War THREE KINGDOMS,Great Soundtrack,1,Platinum
119,Total War THREE KINGDOMS,Singleplayer,1,Platinum
120,Total War THREE KINGDOMS,Historical,1,Platinum
121,Total War THREE KINGDOMS,Open World,1,Platinum
122,Total War THREE KINGDOMS,Fantasy,1,Platinum
123,Total War THREE KINGDOMS,Violent,1,Platinum
124,The Elder Scrolls Online,Multiplayer,1,Platinum
125,The Elder Scrolls Online,PvP,1,Platinum
126,The Elder Scrolls Online,Action,1,Platinum
127,The Elder Scrolls Online,Atmospheric,1,Platinum
128,The Elder Scrolls Online,Singleplayer,1,Platinum
129,The Elder Scrolls Online,PvE,1,Platinum
130,The Elder Scrolls Online,Character Customization,1,Platinum
131,The Elder Scrolls Online,RPG,1,Platinum
132,The Elder Scrolls Online,Action RPG,1,Platinum
133,The Elder Scrolls Online,Massively Multiplayer,1,Platinum
134,The Elder Scrolls Online,Adventure/Exploration,1,Platinum
135,The Elder Scrolls Online,Open World,1,Platinum
136,The Elder Scrolls Online,Fantasy,1,Platinum
137,The Elder Scrolls Online,Story Rich,1,Platinum
138,Sekiro Shadows Die Twice - GOTY Edition,Difficult,1,Platinum
139,Sekiro Shadows Die Twice - GOTY Edition,Action,1,Platinum
140,Sekiro Shadows Die Twice - GOTY Edition,Atmospheric,1,Platinum
141,Sekiro Shadows Die Twice - GOTY Edition,Great Soundtrack,1,Platinum
142,Sekiro Shadows Die Twice - GOTY Edition,Singleplayer,1,Platinum
143,Sekiro Shadows Die Twice - GOTY Edition,Stealth,1,Platinum
144,Sekiro Shadows Die Twice - GOTY Edition,Third Person,1,Platinum
145,Sekiro Shadows Die Twice - GOTY Edition,RPG,1,Platinum
146,Sekiro Shadows Die Twice - GOTY Edition,Combat,1,Platinum
147,Sekiro Shadows Die Twice - GOTY Edition,Adventure/Exploration,1,Platinum
148,Sekiro Shadows Die Twice - GOTY Edition,Open World,1,Platinum
149,Sekiro Shadows Die Twice - GOTY Edition,Fantasy,1,Platinum
150,Sekiro Shadows Die Twice - GOTY Edition,Violent,1,Platinum
151,Sekiro Shadows Die Twice - GOTY Edition,Story Rich,1,Platinum
152,Sekiro Shadows Die Twice - GOTY Edition,Gore,1,Platinum
153,Sekiro Shadows Die Twice - GOTY Edition,Horror,1,Platinum
154,Sekiro Shadows Die Twice - GOTY Edition,Souls-like,1,Platinum
155,Grand Theft Auto V,Multiplayer,1,Platinum
156,Grand Theft Auto V,First-Person,1,Platinum
157,Grand Theft Auto V,Co-op,1,Platinum
158,Grand Theft Auto V,Shooter,1,Platinum
159,Grand Theft Auto V,Moddable,1,Platinum
160,Grand Theft Auto V,Action,1,Platinum
161,Grand Theft Auto V,Simulation,1,Platinum
162,Grand Theft Auto V,Atmospheric,1,Platinum
163,Grand Theft Auto V,Great Soundtrack,1,Platinum
164,Grand Theft Auto V,Singleplayer,1,Platinum
165,Grand Theft Auto V,Third Person,1,Platinum
166,Grand Theft Auto V,Third-Person Shooter,1,Platinum
167,Grand Theft Auto V,Adventure/Exploration,1,Platinum
168,Grand Theft Auto V,Open World,1,Platinum
169,Grand Theft Auto V,Funny,1,Platinum
170,Grand Theft Auto V,Comedy,1,Platinum
171,Grand Theft Auto V,Mature,1,Platinum
172,Dota 2,Multiplayer,1,Platinum
173,Dota 2,Difficult,1,Platinum
174,Dota 2,PvP,1,Platinum
175,Dota 2,Co-op,1,Platinum
176,Dota 2,Strategy,1,Platinum
177,Dota 2,Action,1,Platinum
178,Dota 2,Simulation,1,Platinum
179,Dota 2,Character Customization,1,Platinum
180,Dota 2,RPG,1,Platinum
181,Dota 2,Action RPG,1,Platinum
182,Dota 2,Free to Play,1,Platinum
183,Dota 2,Replay Value,1,Platinum
184,Dota 2,Fantasy,1,Platinum
185,Assassins Creed Odyssey,Multiplayer,1,Gold
186,Assassins Creed Odyssey,Action,1,Gold
187,Assassins Creed Odyssey,Singleplayer,1,Gold
188,Assassins Creed Odyssey,Historical,1,Gold
189,Assassins Creed Odyssey,Stealth,1,Gold
190,Assassins Creed Odyssey,Third Person,1,Gold
191,Assassins Creed Odyssey,RPG,1,Gold
192,Assassins Creed Odyssey,Action RPG,1,Gold
193,Assassins Creed Odyssey,Adventure/Exploration,1,Gold
194,Assassins Creed Odyssey,Open World,1,Gold
195,Assassins Creed Odyssey,Fantasy,1,Gold
196,Assassins Creed Odyssey,Story Rich,1,Gold
197,Assassins Creed Odyssey,Female Protagonist,1,Gold
198,Devil May Cry 5,Multiplayer,1,Gold
199,Devil May Cry 5,Difficult,1,Gold
200,Devil May Cry 5,Action,1,Gold
201,Devil May Cry 5,Great Soundtrack,1,Gold
202,Devil May Cry 5,Singleplayer,1,Gold
203,Devil May Cry 5,Third Person,1,Gold
204,Devil May Cry 5,Third-Person Shooter,1,Gold
205,Devil May Cry 5,Combat,1,Gold
206,Devil May Cry 5,Adventure/Exploration,1,Gold
207,Devil May Cry 5,Violent,1,Gold
208,Devil May Cry 5,Story Rich,1,Gold
209,Devil May Cry 5,Gore,1,Gold
210,Devil May Cry 5,Controller,1,Gold
211,Devil May Cry 5,Nudity,1,Gold
212,Devil May Cry 5,Anime,1,Gold
213,Devil May Cry 5,Classic,1,Gold
214,Resident Evil 2,Multiplayer,1,Gold
215,Resident Evil 2,Difficult,1,Gold
216,Resident Evil 2,Shooter,1,Gold
217,Resident Evil 2,Action,1,Gold
218,Resident Evil 2,Atmospheric,1,Gold
219,Resident Evil 2,Singleplayer,1,Gold
220,Resident Evil 2,Survival,1,Gold
221,Resident Evil 2,Third Person,1,Gold
222,Resident Evil 2,Adventure/Exploration,1,Gold
223,Resident Evil 2,Violent,1,Gold
224,Resident Evil 2,Story Rich,1,Gold
225,Resident Evil 2,Female Protagonist,1,Gold
226,Resident Evil 2,Gore,1,Gold
227,Resident Evil 2,Horror,1,Gold
228,Resident Evil 2,Classic,1,Gold
229,Resident Evil 2,Zombies,1,Gold
230,Rocket League,Multiplayer,1,Gold
231,Rocket League,Co-op,1,Gold
232,Rocket League,Action,1,Gold
233,Rocket League,Great Soundtrack,1,Gold
234,Rocket League,Singleplayer,1,Gold
235,Rocket League,Funny,1,Gold
236,Rocket League,Indie,1,Gold
237,Rocket League,Casual,1,Gold
238,Rocket League,Local Multiplayer,1,Gold
239,Dead by Daylight,Multiplayer,1,Gold
240,Dead by Daylight,Difficult,1,Gold
241,Dead by Daylight,First-Person,1,Gold
242,Dead by Daylight,Co-op,1,Gold
243,Dead by Daylight,Strategy,1,Gold
244,Dead by Daylight,Action,1,Gold
245,Dead by Daylight,Atmospheric,1,Gold
246,Dead by Daylight,Survival,1,Gold
247,Dead by Daylight,Stealth,1,Gold
248,Dead by Daylight,Third Person,1,Gold
249,Dead by Daylight,Violent,1,Gold
250,Dead by Daylight,Comedy,1,Gold
251,Dead by Daylight,Gore,1,Gold
252,Dead by Daylight,Horror,1,Gold
253,Dead by Daylight,Mature,1,Gold
254,Total War WARHAMMER II,Multiplayer,1,Gold
255,Total War WARHAMMER II,Co-op,1,Gold
256,Total War WARHAMMER II,Tactics,1,Gold
257,Total War WARHAMMER II,War,1,Gold
258,Total War WARHAMMER II,Strategy,1,Gold
259,Total War WARHAMMER II,Action,1,Gold
260,Total War WARHAMMER II,Grand Strategy,1,Gold
261,Total War WARHAMMER II,Turn-Based,1,Gold
262,Total War WARHAMMER II,Atmospheric,1,Gold
263,Total War WARHAMMER II,Great Soundtrack,1,Gold
264,Total War WARHAMMER II,Singleplayer,1,Gold
265,Total War WARHAMMER II,Fantasy,1,Gold
266,Total War WARHAMMER II,Story Rich,1,Gold
267,STAR WARS Jedi Fallen Order,Action,1,Gold
268,STAR WARS Jedi Fallen Order,Atmospheric,1,Gold
269,STAR WARS Jedi Fallen Order,Third Person,1,Gold
270,STAR WARS Jedi Fallen Order,RPG,1,Gold
271,STAR WARS Jedi Fallen Order,Sci-fi,1,Gold
272,STAR WARS Jedi Fallen Order,Combat,1,Gold
273,STAR WARS Jedi Fallen Order,Adventure/Exploration,1,Gold
274,STAR WARS Jedi Fallen Order,Open World,1,Gold
275,STAR WARS Jedi Fallen Order,Fantasy,1,Gold
276,STAR WARS Jedi Fallen Order,Story Rich,1,Gold
277,STAR WARS Jedi Fallen Order,Family Friendly,1,Gold
278,STAR WARS Jedi Fallen Order,Souls-like,1,Gold
279,MORDHAU,Multiplayer,1,Gold
280,MORDHAU,First-Person,1,Gold
281,MORDHAU,PvP,1,Gold
282,MORDHAU,Realistic,1,Gold
283,MORDHAU,First-Person Shooter,1,Gold
284,MORDHAU,Action,1,Gold
285,MORDHAU,Historical,1,Gold
286,MORDHAU,Survival,1,Gold
287,MORDHAU,Third Person,1,Gold
288,MORDHAU,PvE,1,Gold
289,MORDHAU,Character Customization,1,Gold
290,MORDHAU,Combat,1,Gold
291,MORDHAU,Fantasy,1,Gold
292,MORDHAU,Gore,1,Gold
293,MORDHAU,Indie,1,Gold
294,Halo The Master Chief Collection,Multiplayer,1,Gold
295,Halo The Master Chief Collection,First-Person,1,Gold
296,Halo The Master Chief Collection,Co-op,1,Gold
297,Halo The Master Chief Collection,Shooter,1,Gold
298,Halo The Master Chief Collection,First-Person Shooter,1,Gold
299,Halo The Master Chief Collection,Action,1,Gold
300,Halo The Master Chief Collection,Atmospheric,1,Gold
301,Halo The Master Chief Collection,Great Soundtrack,1,Gold
302,Halo The Master Chief Collection,Singleplayer,1,Gold
303,Halo The Master Chief Collection,Sci-fi,1,Gold
304,Halo The Master Chief Collection,Adventure/Exploration,1,Gold
305,Halo The Master Chief Collection,Story Rich,1,Gold
306,Halo The Master Chief Collection,Horror,1,Gold
307,Halo The Master Chief Collection,Classic,1,Gold
308,The Witcher 3 Wild Hunt,Action,1,Gold
309,The Witcher 3 Wild Hunt,Atmospheric,1,Gold
310,The Witcher 3 Wild Hunt,Great Soundtrack,1,Gold
311,The Witcher 3 Wild Hunt,Singleplayer,1,Gold
312,The Witcher 3 Wild Hunt,Third Person,1,Gold
313,The Witcher 3 Wild Hunt,RPG,1,Gold
314,The Witcher 3 Wild Hunt,Action RPG,1,Gold
315,The Witcher 3 Wild Hunt,Adventure/Exploration,1,Gold
316,The Witcher 3 Wild Hunt,Open World,1,Gold
317,The Witcher 3 Wild Hunt,Fantasy,1,Gold
318,The Witcher 3 Wild Hunt,Story Rich,1,Gold
319,The Witcher 3 Wild Hunt,Horror,1,Gold
320,The Witcher 3 Wild Hunt,Mature,1,Gold
321,The Witcher 3 Wild Hunt,Nudity,1,Gold
322,Borderlands 2,Multiplayer,1,Silver
323,Borderlands 2,First-Person,1,Silver
324,Borderlands 2,Co-op,1,Silver
325,Borderlands 2,Shooter,1,Silver
326,Borderlands 2,First-Person Shooter,1,Silver
327,Borderlands 2,Action,1,Silver
328,Borderlands 2,Singleplayer,1,Silver
329,Borderlands 2,RPG,1,Silver
330,Borderlands 2,Sci-fi,1,Silver
331,Borderlands 2,Combat,1,Silver
332,Borderlands 2,Action RPG,1,Silver
333,Borderlands 2,Adventure/Exploration,1,Silver
334,Borderlands 2,Open World,1,Silver
335,Borderlands 2,Loot,1,Silver
336,Borderlands 2,Funny,1,Silver
337,Borderlands 2,Comedy,1,Silver
338,Red Dead Redemption 2,Multiplayer,1,Silver
339,Red Dead Redemption 2,First-Person,1,Silver
340,Red Dead Redemption 2,Realistic,1,Silver
341,Red Dead Redemption 2,Shooter,1,Silver
342,Red Dead Redemption 2,First-Person Shooter,1,Silver
343,Red Dead Redemption 2,Action,1,Silver
344,Red Dead Redemption 2,Atmospheric,1,Silver
345,Red Dead Redemption 2,Great Soundtrack,1,Silver
346,Red Dead Redemption 2,Singleplayer,1,Silver
347,Red Dead Redemption 2,Third Person,1,Silver
348,Red Dead Redemption 2,Third-Person Shooter,1,Silver
349,Red Dead Redemption 2,Adventure/Exploration,1,Silver
350,Red Dead Redemption 2,Open World,1,Silver
351,Red Dead Redemption 2,Story Rich,1,Silver
352,Red Dead Redemption 2,Gore,1,Silver
353,Red Dead Redemption 2,Mature,1,Silver
354,CODE VEIN,Multiplayer,1,Silver
355,CODE VEIN,Difficult,1,Silver
356,CODE VEIN,Co-op,1,Silver
357,CODE VEIN,Action,1,Silver
358,CODE VEIN,Singleplayer,1,Silver
359,CODE VEIN,Third Person,1,Silver
360,CODE VEIN,Character Customization,1,Silver
361,CODE VEIN,RPG,1,Silver
362,CODE VEIN,Combat,1,Silver
363,CODE VEIN,Action RPG,1,Silver
364,CODE VEIN,Adventure/Exploration,1,Silver
365,CODE VEIN,Fantasy,1,Silver
366,CODE VEIN,Violent,1,Silver
367,CODE VEIN,Gore,1,Silver
368,CODE VEIN,Post-apocalyptic,1,Silver
369,CODE VEIN,Souls-like,1,Silver
370,CODE VEIN,Anime,1,Silver
371,ARK Survival Evolved,Multiplayer,1,Silver
372,ARK Survival Evolved,First-Person,1,Silver
373,ARK Survival Evolved,Co-op,1,Silver
374,ARK Survival Evolved,Action,1,Silver
375,ARK Survival Evolved,Building,1,Silver
376,ARK Survival Evolved,Construction,1,Silver
377,ARK Survival Evolved,Singleplayer,1,Silver
378,ARK Survival Evolved,Early Access,1,Silver
379,ARK Survival Evolved,Survival,1,Silver
380,ARK Survival Evolved,RPG,1,Silver
381,ARK Survival Evolved,Sci-fi,1,Silver
382,ARK Survival Evolved,Massively Multiplayer,1,Silver
383,ARK Survival Evolved,Adventure/Exploration,1,Silver
384,ARK Survival Evolved,Open World,1,Silver
385,ARK Survival Evolved,Fantasy,1,Silver
386,ARK Survival Evolved,Indie,1,Silver
387,ARK Survival Evolved,Crafting,1,Silver
388,Team Fortress 2,Multiplayer,1,Silver
389,Team Fortress 2,First-Person,1,Silver
390,Team Fortress 2,Co-op,1,Silver
391,Team Fortress 2,Shooter,1,Silver
392,Team Fortress 2,Tactics,1,Silver
393,Team Fortress 2,First-Person Shooter,1,Silver
394,Team Fortress 2,Action,1,Silver
395,Team Fortress 2,Free to Play,1,Silver
396,Team Fortress 2,Funny,1,Silver
397,Team Fortress 2,Comedy,1,Silver
398,Team Fortress 2,Crafting,1,Silver
399,Stellaris,Multiplayer,1,Silver
400,Stellaris,Military,1,Silver
401,Stellaris,Moddable,1,Silver
402,Stellaris,Strategy,1,Silver
403,Stellaris,Simulation,1,Silver
404,Stellaris,Grand Strategy,1,Silver
405,Stellaris,Atmospheric,1,Silver
406,Stellaris,Great Soundtrack,1,Silver
407,Stellaris,Management,1,Silver
408,Stellaris,Singleplayer,1,Silver
409,Stellaris,Sci-fi,1,Silver
410,Stellaris,Adventure/Exploration,1,Silver
411,Stellaris,Replay Value,1,Silver
412,Stellaris,Open World,1,Silver
413,Stellaris,Real-Time with Pause,1,Silver
414,Risk of Rain 2,Multiplayer,1,Silver
415,Risk of Rain 2,Difficult,1,Silver
416,Risk of Rain 2,Co-op,1,Silver
417,Risk of Rain 2,Shooter,1,Silver
418,Risk of Rain 2,First-Person Shooter,1,Silver
419,Risk of Rain 2,Action,1,Silver
420,Risk of Rain 2,Great Soundtrack,1,Silver
421,Risk of Rain 2,Singleplayer,1,Silver
422,Risk of Rain 2,Early Access,1,Silver
423,Risk of Rain 2,Survival,1,Silver
424,Risk of Rain 2,Third Person,1,Silver
425,Risk of Rain 2,Third-Person Shooter,1,Silver
426,Risk of Rain 2,Loot,1,Silver
427,Risk of Rain 2,Indie,1,Silver
428,War Thunder,Multiplayer,1,Silver
429,War Thunder,Realistic,1,Silver
430,War Thunder,Shooter,1,Silver
431,War Thunder,Military,1,Silver
432,War Thunder,War,1,Silver
433,War Thunder,Action,1,Silver
434,War Thunder,Simulation,1,Silver
435,War Thunder,Third Person,1,Silver
436,War Thunder,Third-Person Shooter,1,Silver
437,War Thunder,Combat,1,Silver
438,War Thunder,Massively Multiplayer,1,Silver
439,War Thunder,Free to Play,1,Silver
440,Euro Truck Simulator 2,Multiplayer,1,Silver
441,Euro Truck Simulator 2,Realistic,1,Silver
442,Euro Truck Simulator 2,Moddable,1,Silver
443,Euro Truck Simulator 2,Simulation,1,Silver
444,Euro Truck Simulator 2,Atmospheric,1,Silver
445,Euro Truck Simulator 2,Management,1,Silver
446,Euro Truck Simulator 2,Third Person,1,Silver
447,Euro Truck Simulator 2,Adventure/Exploration,1,Silver
448,Euro Truck Simulator 2,Open World,1,Silver
449,Euro Truck Simulator 2,Controller,1,Silver
450,Euro Truck Simulator 2,Indie,1,Silver
451,Euro Truck Simulator 2,Casual,1,Silver
452,Euro Truck Simulator 2,Political,1,Silver
453,Euro Truck Simulator 2,Relaxing,1,Silver
454,Euro Truck Simulator 2,Family Friendly,1,Silver
455,Remnant From the Ashes,Multiplayer,1,Silver
456,Remnant From the Ashes,Difficult,1,Silver
457,Remnant From the Ashes,Co-op,1,Silver
458,Remnant From the Ashes,Shooter,1,Silver
459,Remnant From the Ashes,Action,1,Silver
460,Remnant From the Ashes,Atmospheric,1,Silver
461,Remnant From the Ashes,Singleplayer,1,Silver
462,Remnant From the Ashes,Survival,1,Silver
463,Remnant From the Ashes,Third-Person Shooter,1,Silver
464,Remnant From the Ashes,RPG,1,Silver
465,Remnant From the Ashes,Adventure/Exploration,1,Silver
466,Remnant From the Ashes,Replay Value,1,Silver
467,Remnant From the Ashes,Fantasy,1,Silver
468,Remnant From the Ashes,Violent,1,Silver
469,Remnant From the Ashes,Horror,1,Silver
470,Remnant From the Ashes,Post-apocalyptic,1,Silver
471,Remnant From the Ashes,Souls-like,1,Silver
472,Cities Skylines,Realistic,1,Silver
473,Cities Skylines,Moddable,1,Silver
474,Cities Skylines,Strategy,1,Silver
475,Cities Skylines,Action,1,Silver
476,Cities Skylines,Simulation,1,Silver
477,Cities Skylines,Building,1,Silver
478,Cities Skylines,Construction,1,Silver
479,Cities Skylines,Great Soundtrack,1,Silver
480,Cities Skylines,Management,1,Silver
481,Cities Skylines,Singleplayer,1,Silver
482,Cities Skylines,Replay Value,1,Silver
483,Cities Skylines,Open World,1,Silver
484,Cities Skylines,Funny,1,Silver
485,Cities Skylines,Casual,1,Silver
486,Cities Skylines,Political,1,Silver
487,Cities Skylines,Family Friendly,1,Silver
488,Cities Skylines,Real-Time with Pause,1,Silver
489,Cities Skylines,Resource Management,1,Silver
490,Planet Zoo,Multiplayer,1,Silver
491,Planet Zoo,Realistic,1,Silver
492,Planet Zoo,Strategy,1,Silver
493,Planet Zoo,Simulation,1,Silver
494,Planet Zoo,Building,1,Silver
495,Planet Zoo,Construction,1,Silver
496,Planet Zoo,Great Soundtrack,1,Silver
497,Planet Zoo,Management,1,Silver
498,Planet Zoo,Singleplayer,1,Silver
499,Planet Zoo,Open World,1,Silver
500,Planet Zoo,Funny,1,Silver
501,Planet Zoo,Casual,1,Silver
502,Planet Zoo,Political,1,Silver
503,Planet Zoo,Relaxing,1,Silver
504,Planet Zoo,Family Friendly,1,Silver
505,Planet Zoo,Resource Management,1,Silver
506,Rust,Multiplayer,1,Silver
507,Rust,First-Person,1,Silver
508,Rust,PvP,1,Silver
509,Rust,Co-op,1,Silver
510,Rust,Shooter,1,Silver
511,Rust,First-Person Shooter,1,Silver
512,Rust,Action,1,Silver
513,Rust,Simulation,1,Silver
514,Rust,Building,1,Silver
515,Rust,Early Access,1,Silver
516,Rust,Survival,1,Silver
517,Rust,Adventure/Exploration,1,Silver
518,Rust,Open World,1,Silver
519,Rust,Indie,1,Silver
520,Rust,Post-apocalyptic,1,Silver
521,Rust,Crafting,1,Silver
522,Rust,Nudity,1,Silver
523,Divinity Original Sin 2 - Definitive Edition,Multiplayer,1,Silver
524,Divinity Original Sin 2 - Definitive Edition,PvP,1,Silver
525,Divinity Original Sin 2 - Definitive Edition,Moddable,1,Silver
526,Divinity Original Sin 2 - Definitive Edition,Tactics,1,Silver
527,Divinity Original Sin 2 - Definitive Edition,Strategy,1,Silver
528,Divinity Original Sin 2 - Definitive Edition,Turn-Based,1,Silver
529,Divinity Original Sin 2 - Definitive Edition,Character Customization,1,Silver
530,Divinity Original Sin 2 - Definitive Edition,RPG,1,Silver
531,Divinity Original Sin 2 - Definitive Edition,Adventure/Exploration,1,Silver
532,Divinity Original Sin 2 - Definitive Edition,Fantasy,1,Silver
533,Divinity Original Sin 2 - Definitive Edition,Story Rich,1,Silver
534,Divinity Original Sin 2 - Definitive Edition,Funny,1,Silver
535,Divinity Original Sin 2 - Definitive Edition,Female Protagonist,1,Silver
536,Arma 3,Multiplayer,1,Silver
537,Arma 3,First-Person,1,Silver
538,Arma 3,Realistic,1,Silver
539,Arma 3,Co-op,1,Silver
540,Arma 3,Shooter,1,Silver
541,Arma 3,Military,1,Silver
542,Arma 3,Moddable,1,Silver
543,Arma 3,Tactics,1,Silver
544,Arma 3,War,1,Silver
545,Arma 3,First-Person Shooter,1,Silver
546,Arma 3,Strategy,1,Silver
547,Arma 3,Action,1,Silver
548,Arma 3,Simulation,1,Silver
549,Arma 3,Singleplayer,1,Silver
550,Arma 3,Third-Person Shooter,1,Silver
551,Arma 3,Combat,1,Silver
552,Arma 3,Open World,1,Silver
553,GreedFall,Action,1,Bronze
554,GreedFall,Atmospheric,1,Bronze
555,GreedFall,Singleplayer,1,Bronze
556,GreedFall,Third Person,1,Bronze
557,GreedFall,Character Customization,1,Bronze
558,GreedFall,RPG,1,Bronze
559,GreedFall,Action RPG,1,Bronze
560,GreedFall,Adventure/Exploration,1,Bronze
561,GreedFall,Open World,1,Bronze
562,GreedFall,Fantasy,1,Bronze
563,GreedFall,Story Rich,1,Bronze
564,GreedFall,Female Protagonist,1,Bronze
565,GreedFall,Souls-like,1,Bronze
566,GreedFall,Mature,1,Bronze
567,GreedFall,Nudity,1,Bronze
568,Shadow of the Tomb Raider Definitive Edition,Multiplayer,1,Bronze
569,Shadow of the Tomb Raider Definitive Edition,Shooter,1,Bronze
570,Shadow of the Tomb Raider Definitive Edition,Action,1,Bronze
571,Shadow of the Tomb Raider Definitive Edition,Atmospheric,1,Bronze
572,Shadow of the Tomb Raider Definitive Edition,Great Soundtrack,1,Bronze
573,Shadow of the Tomb Raider Definitive Edition,Singleplayer,1,Bronze
574,Shadow of the Tomb Raider Definitive Edition,Survival,1,Bronze
575,Shadow of the Tomb Raider Definitive Edition,Stealth,1,Bronze
576,Shadow of the Tomb Raider Definitive Edition,Third Person,1,Bronze
577,Shadow of the Tomb Raider Definitive Edition,Adventure/Exploration,1,Bronze
578,Shadow of the Tomb Raider Definitive Edition,Open World,1,Bronze
579,Shadow of the Tomb Raider Definitive Edition,Violent,1,Bronze
580,Shadow of the Tomb Raider Definitive Edition,Story Rich,1,Bronze
581,Shadow of the Tomb Raider Definitive Edition,Female Protagonist,1,Bronze
582,Shadow of the Tomb Raider Definitive Edition,Gore,1,Bronze
583,Shadow of the Tomb Raider Definitive Edition,Horror,1,Bronze
584,JUMP FORCE,Multiplayer,1,Bronze
585,JUMP FORCE,Co-op,1,Bronze
586,JUMP FORCE,Action,1,Bronze
587,JUMP FORCE,Great Soundtrack,1,Bronze
588,JUMP FORCE,Singleplayer,1,Bronze
589,JUMP FORCE,Character Customization,1,Bronze
590,JUMP FORCE,RPG,1,Bronze
591,JUMP FORCE,Combat,1,Bronze
592,JUMP FORCE,Massively Multiplayer,1,Bronze
593,JUMP FORCE,Open World,1,Bronze
594,JUMP FORCE,Fantasy,1,Bronze
595,JUMP FORCE,Violent,1,Bronze
596,JUMP FORCE,Story Rich,1,Bronze
597,JUMP FORCE,Controller,1,Bronze
598,JUMP FORCE,Casual,1,Bronze
599,JUMP FORCE,Local Multiplayer,1,Bronze
600,JUMP FORCE,Nudity,1,Bronze
601,JUMP FORCE,Anime,1,Bronze
602,Total War WARHAMMER,Multiplayer,1,Bronze
603,Total War WARHAMMER,Co-op,1,Bronze
604,Total War WARHAMMER,Tactics,1,Bronze
605,Total War WARHAMMER,War,1,Bronze
606,Total War WARHAMMER,Strategy,1,Bronze
607,Total War WARHAMMER,Action,1,Bronze
608,Total War WARHAMMER,Grand Strategy,1,Bronze
609,Total War WARHAMMER,Turn-Based,1,Bronze
610,Total War WARHAMMER,Atmospheric,1,Bronze
611,Total War WARHAMMER,Singleplayer,1,Bronze
612,Total War WARHAMMER,RPG,1,Bronze
613,Total War WARHAMMER,Open World,1,Bronze
614,Total War WARHAMMER,Fantasy,1,Bronze
615,Total War WARHAMMER,Story Rich,1,Bronze
616,Total War WARHAMMER,Gore,1,Bronze
617,The Forest,First-Person,1,Bronze
618,The Forest,Realistic,1,Bronze
619,The Forest,Action,1,Bronze
620,The Forest,Simulation,1,Bronze
621,The Forest,Atmospheric,1,Bronze
622,The Forest,Building,1,Bronze
623,The Forest,Singleplayer,1,Bronze
624,The Forest,Early Access,1,Bronze
625,The Forest,Survival,1,Bronze
626,The Forest,Adventure/Exploration,1,Bronze
627,The Forest,Open World,1,Bronze
628,The Forest,Gore,1,Bronze
629,The Forest,Horror,1,Bronze
630,The Forest,Indie,1,Bronze
631,The Forest,Crafting,1,Bronze
632,The Forest,Zombies,1,Bronze
633,Totally Accurate Battle Simulator,Realistic,1,Bronze
634,Totally Accurate Battle Simulator,War,1,Bronze
635,Totally Accurate Battle Simulator,Strategy,1,Bronze
636,Totally Accurate Battle Simulator,Action,1,Bronze
637,Totally Accurate Battle Simulator,Simulation,1,Bronze
638,Totally Accurate Battle Simulator,Singleplayer,1,Bronze
639,Totally Accurate Battle Simulator,Historical,1,Bronze
640,Totally Accurate Battle Simulator,Adventure/Exploration,1,Bronze
641,Totally Accurate Battle Simulator,Open World,1,Bronze
642,Totally Accurate Battle Simulator,Fantasy,1,Bronze
643,Totally Accurate Battle Simulator,Funny,1,Bronze
644,Totally Accurate Battle Simulator,Comedy,1,Bronze
645,Totally Accurate Battle Simulator,Indie,1,Bronze
646,Totally Accurate Battle Simulator,Family Friendly,1,Bronze
647,Totally Accurate Battle Simulator,3D,1,Bronze
648,Far Cry New Dawn,Multiplayer,1,Bronze
649,Far Cry New Dawn,First-Person,1,Bronze
650,Far Cry New Dawn,Co-op,1,Bronze
651,Far Cry New Dawn,Shooter,1,Bronze
652,Far Cry New Dawn,First-Person Shooter,1,Bronze
653,Far Cry New Dawn,Action,1,Bronze
654,Far Cry New Dawn,Singleplayer,1,Bronze
655,Far Cry New Dawn,Survival,1,Bronze
656,Far Cry New Dawn,Stealth,1,Bronze
657,Far Cry New Dawn,Character Customization,1,Bronze
658,Far Cry New Dawn,RPG,1,Bronze
659,Far Cry New Dawn,Action RPG,1,Bronze
660,Far Cry New Dawn,Adventure/Exploration,1,Bronze
661,Far Cry New Dawn,Open World,1,Bronze
662,Far Cry New Dawn,Story Rich,1,Bronze
663,Far Cry New Dawn,Female Protagonist,1,Bronze
664,Far Cry New Dawn,Casual,1,Bronze
665,Far Cry New Dawn,Post-apocalyptic,1,Bronze
666,Far Cry New Dawn,Crafting,1,Bronze
667,Beat Saber,Multiplayer,1,Bronze
668,Beat Saber,Difficult,1,Bronze
669,Beat Saber,First-Person,1,Bronze
670,Beat Saber,PvP,1,Bronze
671,Beat Saber,Moddable,1,Bronze
672,Beat Saber,Action,1,Bronze
673,Beat Saber,Great Soundtrack,1,Bronze
674,Beat Saber,Singleplayer,1,Bronze
675,Beat Saber,Early Access,1,Bronze
676,Beat Saber,Combat,1,Bronze
677,Beat Saber,Indie,1,Bronze
678,Beat Saber,Casual,1,Bronze
679,The Elder Scrolls V Skyrim Special Edition,First-Person,1,Bronze
680,The Elder Scrolls V Skyrim Special Edition,Moddable,1,Bronze
681,The Elder Scrolls V Skyrim Special Edition,Action,1,Bronze
682,The Elder Scrolls V Skyrim Special Edition,Atmospheric,1,Bronze
683,The Elder Scrolls V Skyrim Special Edition,Great Soundtrack,1,Bronze
684,The Elder Scrolls V Skyrim Special Edition,Singleplayer,1,Bronze
685,The Elder Scrolls V Skyrim Special Edition,Stealth,1,Bronze
686,The Elder Scrolls V Skyrim Special Edition,Third Person,1,Bronze
687,The Elder Scrolls V Skyrim Special Edition,Character Customization,1,Bronze
688,The Elder Scrolls V Skyrim Special Edition,RPG,1,Bronze
689,The Elder Scrolls V Skyrim Special Edition,Adventure/Exploration,1,Bronze
690,The Elder Scrolls V Skyrim Special Edition,Open World,1,Bronze
691,The Elder Scrolls V Skyrim Special Edition,Fantasy,1,Bronze
692,The Elder Scrolls V Skyrim Special Edition,Story Rich,1,Bronze
693,The Elder Scrolls V Skyrim Special Edition,Female Protagonist,1,Bronze
694,The Elder Scrolls V Skyrim Special Edition,Classic,1,Bronze
695,ACE COMBAT 7 SKIES UNKNOWN,Multiplayer,1,Bronze
696,ACE COMBAT 7 SKIES UNKNOWN,First-Person,1,Bronze
697,ACE COMBAT 7 SKIES UNKNOWN,PvP,1,Bronze
698,ACE COMBAT 7 SKIES UNKNOWN,Realistic,1,Bronze
699,ACE COMBAT 7 SKIES UNKNOWN,Shooter,1,Bronze
700,ACE COMBAT 7 SKIES UNKNOWN,Military,1,Bronze
701,ACE COMBAT 7 SKIES UNKNOWN,War,1,Bronze
702,ACE COMBAT 7 SKIES UNKNOWN,Action,1,Bronze
703,ACE COMBAT 7 SKIES UNKNOWN,Simulation,1,Bronze
704,ACE COMBAT 7 SKIES UNKNOWN,Great Soundtrack,1,Bronze
705,ACE COMBAT 7 SKIES UNKNOWN,Singleplayer,1,Bronze
706,ACE COMBAT 7 SKIES UNKNOWN,Third Person,1,Bronze
707,ACE COMBAT 7 SKIES UNKNOWN,Sci-fi,1,Bronze
708,ACE COMBAT 7 SKIES UNKNOWN,Story Rich,1,Bronze
709,ACE COMBAT 7 SKIES UNKNOWN,3D,1,Bronze
710,Subnautica Below Zero,Multiplayer,1,Bronze
711,Subnautica Below Zero,First-Person,1,Bronze
712,Subnautica Below Zero,Atmospheric,1,Bronze
713,Subnautica Below Zero,Construction,1,Bronze
714,Subnautica Below Zero,Great Soundtrack,1,Bronze
715,Subnautica Below Zero,Singleplayer,1,Bronze
716,Subnautica Below Zero,Early Access,1,Bronze
717,Subnautica Below Zero,Survival,1,Bronze
718,Subnautica Below Zero,Sci-fi,1,Bronze
719,Subnautica Below Zero,Adventure/Exploration,1,Bronze
720,Subnautica Below Zero,Open World,1,Bronze
721,Subnautica Below Zero,Story Rich,1,Bronze
722,Subnautica Below Zero,Horror,1,Bronze
723,Subnautica Below Zero,Crafting,1,Bronze
724,Stardew Valley,Multiplayer,1,Bronze
725,Stardew Valley,Simulation,1,Bronze
726,Stardew Valley,Building,1,Bronze
727,Stardew Valley,Great Soundtrack,1,Bronze
728,Stardew Valley,Singleplayer,1,Bronze
729,Stardew Valley,RPG,1,Bronze
730,Stardew Valley,Open World,1,Bronze
731,Stardew Valley,Indie,1,Bronze
732,Stardew Valley,Casual,1,Bronze
733,Stardew Valley,Crafting,1,Bronze
734,Stardew Valley,Relaxing,1,Bronze
735,Stardew Valley,2D,1,Bronze
736,theHunter Call of the Wild,Multiplayer,1,Bronze
737,theHunter Call of the Wild,First-Person,1,Bronze
738,theHunter Call of the Wild,Realistic,1,Bronze
739,theHunter Call of the Wild,Co-op,1,Bronze
740,theHunter Call of the Wild,Shooter,1,Bronze
741,theHunter Call of the Wild,First-Person Shooter,1,Bronze
742,theHunter Call of the Wild,Simulation,1,Bronze
743,theHunter Call of the Wild,Survival,1,Bronze
744,theHunter Call of the Wild,Stealth,1,Bronze
745,theHunter Call of the Wild,Open World,1,Bronze
746,theHunter Call of the Wild,Controller,1,Bronze
747,theHunter Call of the Wild,Relaxing,1,Bronze
748,Outward Definitive Edition,Multiplayer,1,Bronze
749,Outward Definitive Edition,Difficult,1,Bronze
750,Outward Definitive Edition,Realistic,1,Bronze
751,Outward Definitive Edition,Co-op,1,Bronze
752,Outward Definitive Edition,Moddable,1,Bronze
753,Outward Definitive Edition,Atmospheric,1,Bronze
754,Outward Definitive Edition,Singleplayer,1,Bronze
755,Outward Definitive Edition,Survival,1,Bronze
756,Outward Definitive Edition,Third Person,1,Bronze
757,Outward Definitive Edition,RPG,1,Bronze
758,Outward Definitive Edition,Adventure/Exploration,1,Bronze
759,Outward Definitive Edition,Open World,1,Bronze
760,Outward Definitive Edition,Fantasy,1,Bronze
761,Outward Definitive Edition,Violent,1,Bronze
762,Outward Definitive Edition,Souls-like,1,Bronze
763,Outward Definitive Edition,Resource Management,1,Bronze
764,Paladins,Multiplayer,1,Bronze
765,Paladins,First-Person,1,Bronze
766,Paladins,PvP,1,Bronze
767,Paladins,Co-op,1,Bronze
768,Paladins,Shooter,1,Bronze
769,Paladins,First-Person Shooter,1,Bronze
770,Paladins,Strategy,1,Bronze
771,Paladins,Action,1,Bronze
772,Paladins,Character Customization,1,Bronze
773,Paladins,Massively Multiplayer,1,Bronze
774,Paladins,Free to Play,1,Bronze
775,Paladins,Adventure/Exploration,1,Bronze
776,Paladins,Fantasy,1,Bronze
777,Paladins,Funny,1,Bronze
778,Paladins,Controller,1,Bronze
779,Conan Exiles,Multiplayer,1,Bronze
780,Conan Exiles,PvP,1,Bronze
781,Conan Exiles,Co-op,1,Bronze
782,Conan Exiles,Action,1,Bronze
783,Conan Exiles,Building,1,Bronze
784,Conan Exiles,Singleplayer,1,Bronze
785,Conan Exiles,Survival,1,Bronze
786,Conan Exiles,RPG,1,Bronze
787,Conan Exiles,Massively Multiplayer,1,Bronze
788,Conan Exiles,Adventure/Exploration,1,Bronze
789,Conan Exiles,Open World,1,Bronze
790,Conan Exiles,Fantasy,1,Bronze
791,Conan Exiles,Violent,1,Bronze
792,Conan Exiles,Gore,1,Bronze
793,Conan Exiles,Crafting,1,Bronze
794,Conan Exiles,Nudity,1,Bronze
795,Hearts of Iron IV,Multiplayer,1,Bronze
796,Hearts of Iron IV,Co-op,1,Bronze
797,Hearts of Iron IV,Military,1,Bronze
798,Hearts of Iron IV,Tactics,1,Bronze
799,Hearts of Iron IV,War,1,Bronze
800,Hearts of Iron IV,Strategy,1,Bronze
801,Hearts of Iron IV,Action,1,Bronze
802,Hearts of Iron IV,Simulation,1,Bronze
803,Hearts of Iron IV,Grand Strategy,1,Bronze
804,Hearts of Iron IV,Singleplayer,1,Bronze
805,Hearts of Iron IV,Historical,1,Bronze
806,Hearts of Iron IV,Open World,1,Bronze
807,Hearts of Iron IV,Real-Time with Pause,1,Bronze
808,Imperator Rome,Multiplayer,1,Bronze
809,Imperator Rome,Moddable,1,Bronze
810,Imperator Rome,War,1,Bronze
811,Imperator Rome,Strategy,1,Bronze
812,Imperator Rome,Simulation,1,Bronze
813,Imperator Rome,Grand Strategy,1,Bronze
814,Imperator Rome,Management,1,Bronze
815,Imperator Rome,Singleplayer,1,Bronze
816,Imperator Rome,Historical,1,Bronze
817,Imperator Rome,Early Access,1,Bronze
818,Imperator Rome,Open World,1,Bronze
819,Imperator Rome,Story Rich,1,Bronze
820,Imperator Rome,Political,1,Bronze
821,Imperator Rome,Real-Time with Pause,1,Bronze
822,Terraria,Multiplayer,1,Bronze
823,Terraria,Co-op,1,Bronze
824,Terraria,Action,1,Bronze
825,Terraria,Atmospheric,1,Bronze
826,Terraria,Building,1,Bronze
827,Terraria,Singleplayer,1,Bronze
828,Terraria,Survival,1,Bronze
829,Terraria,RPG,1,Bronze
830,Terraria,Adventure/Exploration,1,Bronze
831,Terraria,Replay Value,1,Bronze
832,Terraria,Open World,1,Bronze
833,Terraria,Indie,1,Bronze
834,Terraria,Crafting,1,Bronze
835,Terraria,2D,1,Bronze
836,House Flipper,Multiplayer,1,Bronze
837,House Flipper,First-Person,1,Bronze
838,House Flipper,Realistic,1,Bronze
839,House Flipper,Moddable,1,Bronze
840,House Flipper,Simulation,1,Bronze
841,House Flipper,Building,1,Bronze
842,House Flipper,Construction,1,Bronze
843,House Flipper,Management,1,Bronze
844,House Flipper,Singleplayer,1,Bronze
845,House Flipper,Replay Value,1,Bronze
846,House Flipper,Open World,1,Bronze
847,House Flipper,Indie,1,Bronze
848,House Flipper,Casual,1,Bronze
849,House Flipper,Political,1,Bronze
850,House Flipper,Relaxing,1,Bronze
851,House Flipper,Family Friendly,1,Bronze
852,House Flipper,3D,1,Bronze
853,Farming Simulator 19,Multiplayer,1,Bronze
854,Farming Simulator 19,First-Person,1,Bronze
855,Farming Simulator 19,Realistic,1,Bronze
856,Farming Simulator 19,Co-op,1,Bronze
857,Farming Simulator 19,Moddable,1,Bronze
858,Farming Simulator 19,Strategy,1,Bronze
859,Farming Simulator 19,Simulation,1,Bronze
860,Farming Simulator 19,Atmospheric,1,Bronze
861,Farming Simulator 19,Management,1,Bronze
862,Farming Simulator 19,Singleplayer,1,Bronze
863,Farming Simulator 19,Open World,1,Bronze
864,Farming Simulator 19,Political,1,Bronze
865,Farming Simulator 19,Relaxing,1,Bronze
866,Farming Simulator 19,Family Friendly,1,Bronze
867,Farming Simulator 19,Resource Management,1,Bronze
868,RAGE 2,Multiplayer,1,Bronze
869,RAGE 2,First-Person,1,Bronze
870,RAGE 2,Shooter,1,Bronze
871,RAGE 2,First-Person Shooter,1,Bronze
872,RAGE 2,Action,1,Bronze
873,RAGE 2,Simulation,1,Bronze
874,RAGE 2,Singleplayer,1,Bronze
875,RAGE 2,Sci-fi,1,Bronze
876,RAGE 2,Combat,1,Bronze
877,RAGE 2,Adventure/Exploration,1,Bronze
878,RAGE 2,Open World,1,Bronze
879,RAGE 2,Violent,1,Bronze
880,RAGE 2,Funny,1,Bronze
881,RAGE 2,Gore,1,Bronze
882,RAGE 2,Post-apocalyptic,1,Bronze
883,World of Warships,Multiplayer,1,Bronze
884,World of Warships,PvP,1,Bronze
885,World of Warships,Realistic,1,Bronze
886,World of Warships,Co-op,1,Bronze
887,World of Warships,Shooter,1,Bronze
888,World of Warships,Military,1,Bronze
889,World of Warships,Tactics,1,Bronze
890,World of Warships,War,1,Bronze
891,World of Warships,Action,1,Bronze
892,World of Warships,Simulation,1,Bronze
893,World of Warships,Historical,1,Bronze
894,World of Warships,Third-Person Shooter,1,Bronze
895,World of Warships,PvE,1,Bronze
896,World of Warships,Massively Multiplayer,1,Bronze
897,World of Warships,Free to Play,1,Bronze
898,Kingdom Come Deliverance,First-Person,1,Bronze
899,Kingdom Come Deliverance,Realistic,1,Bronze
900,Kingdom Come Deliverance,Action,1,Bronze
901,Kingdom Come Deliverance,Atmospheric,1,Bronze
902,Kingdom Come Deliverance,Singleplayer,1,Bronze
903,Kingdom Come Deliverance,Historical,1,Bronze
904,Kingdom Come Deliverance,RPG,1,Bronze
905,Kingdom Come Deliverance,Combat,1,Bronze
906,Kingdom Come Deliverance,Action RPG,1,Bronze
907,Kingdom Come Deliverance,Adventure/Exploration,1,Bronze
908,Kingdom Come Deliverance,Open World,1,Bronze
909,Kingdom Come Deliverance,Fantasy,1,Bronze
910,Kingdom Come Deliverance,Story Rich,1,Bronze
911,Kingdom Come Deliverance,Indie,1,Bronze
912,Kingdom Come Deliverance,Nudity,1,Bronze
913,Gears 5,Multiplayer,1,Bronze
914,Gears 5,Co-op,1,Bronze
915,Gears 5,Shooter,1,Bronze
916,Gears 5,Action,1,Bronze
917,Gears 5,Singleplayer,1,Bronze
918,Gears 5,Third Person,1,Bronze
919,Gears 5,Third-Person Shooter,1,Bronze
920,Gears 5,Sci-fi,1,Bronze
921,Gears 5,Adventure/Exploration,1,Bronze
922,Gears 5,Open World,1,Bronze
923,Gears 5,Violent,1,Bronze
924,Gears 5,Story Rich,1,Bronze
925,Gears 5,Female Protagonist,1,Bronze
926,Gears 5,Gore,1,Bronze
927,Gears 5,Horror,1,Bronze
928,Gears 5,Mature,1,Bronze
929,Tropico 6,Multiplayer,1,Bronze
930,Tropico 6,Co-op,1,Bronze
931,Tropico 6,Strategy,1,Bronze
932,Tropico 6,Simulation,1,Bronze
933,Tropico 6,Atmospheric,1,Bronze
934,Tropico 6,Building,1,Bronze
935,Tropico 6,Construction,1,Bronze
936,Tropico 6,Management,1,Bronze
937,Tropico 6,Singleplayer,1,Bronze
938,Tropico 6,Open World,1,Bronze
939,Tropico 6,Story Rich,1,Bronze
940,Tropico 6,Funny,1,Bronze
941,Tropico 6,Political,1,Bronze
942,Tom Clancys Ghost Recon Wildlands,Multiplayer,1,Bronze
943,Tom Clancys Ghost Recon Wildlands,First-Person,1,Bronze
944,Tom Clancys Ghost Recon Wildlands,PvP,1,Bronze
945,Tom Clancys Ghost Recon Wildlands,Co-op,1,Bronze
946,Tom Clancys Ghost Recon Wildlands,Shooter,1,Bronze
947,Tom Clancys Ghost Recon Wildlands,Military,1,Bronze
948,Tom Clancys Ghost Recon Wildlands,Tactics,1,Bronze
949,Tom Clancys Ghost Recon Wildlands,First-Person Shooter,1,Bronze
950,Tom Clancys Ghost Recon Wildlands,Strategy,1,Bronze
951,Tom Clancys Ghost Recon Wildlands,Action,1,Bronze
952,Tom Clancys Ghost Recon Wildlands,Atmospheric,1,Bronze
953,Tom Clancys Ghost Recon Wildlands,Singleplayer,1,Bronze
954,Tom Clancys Ghost Recon Wildlands,Survival,1,Bronze
955,Tom Clancys Ghost Recon Wildlands,Stealth,1,Bronze
956,Tom Clancys Ghost Recon Wildlands,Third Person,1,Bronze
957,Tom Clancys Ghost Recon Wildlands,Third-Person Shooter,1,Bronze
958,Tom Clancys Ghost Recon Wildlands,Adventure/Exploration,1,Bronze
959,Tom Clancys Ghost Recon Wildlands,Open World,1,Bronze
960,XCOM 2,Multiplayer,1,Bronze
961,XCOM 2,Difficult,1,Bronze
962,XCOM 2,Co-op,1,Bronze
963,XCOM 2,Moddable,1,Bronze
964,XCOM 2,Tactics,1,Bronze
965,XCOM 2,Strategy,1,Bronze
966,XCOM 2,Action,1,Bronze
967,XCOM 2,Turn-Based,1,Bronze
968,XCOM 2,Atmospheric,1,Bronze
969,XCOM 2,Great Soundtrack,1,Bronze
970,XCOM 2,Singleplayer,1,Bronze
971,XCOM 2,Character Customization,1,Bronze
972,XCOM 2,RPG,1,Bronze
973,XCOM 2,Sci-fi,1,Bronze
974,XCOM 2,Open World,1,Bronze
975,Far Cry 5,Multiplayer,1,Bronze
976,Far Cry 5,First-Person,1,Bronze
977,Far Cry 5,Realistic,1,Bronze
978,Far Cry 5,Co-op,1,Bronze
979,Far Cry 5,Shooter,1,Bronze
980,Far Cry 5,First-Person Shooter,1,Bronze
981,Far Cry 5,Action,1,Bronze
982,Far Cry 5,Atmospheric,1,Bronze
983,Far Cry 5,Survival,1,Bronze
984,Far Cry 5,Stealth,1,Bronze
985,Far Cry 5,Adventure/Exploration,1,Bronze
986,Far Cry 5,Open World,1,Bronze
987,Far Cry 5,Story Rich,1,Bronze
988,Far Cry 5,3D,1,Bronze
989,SMITE,Multiplayer,1,Bronze
990,SMITE,PvP,1,Bronze
991,SMITE,Co-op,1,Bronze
992,SMITE,Strategy,1,Bronze
993,SMITE,Action,1,Bronze
994,SMITE,Third Person,1,Bronze
995,SMITE,RPG,1,Bronze
996,SMITE,Massively Multiplayer,1,Bronze
997,SMITE,Free to Play,1,Bronze
998,SMITE,Adventure/Exploration,1,Bronze
999,SMITE,Fantasy,1,Bronze
1000,SMITE,Casual,1,Bronze
1001,SMITE,Anime,1,Bronze
1002,Grim Dawn,Multiplayer,1,Bronze
1003,Grim Dawn,Co-op,1,Bronze
1004,Grim Dawn,Action,1,Bronze
1005,Grim Dawn,Atmospheric,1,Bronze
1006,Grim Dawn,Singleplayer,1,Bronze
1007,Grim Dawn,RPG,1,Bronze
1008,Grim Dawn,Combat,1,Bronze
1009,Grim Dawn,Action RPG,1,Bronze
1010,Grim Dawn,Adventure/Exploration,1,Bronze
1011,Grim Dawn,Fantasy,1,Bronze
1012,Grim Dawn,Loot,1,Bronze
1013,Grim Dawn,Horror,1,Bronze
1014,Grim Dawn,Indie,1,Bronze
1015,Grim Dawn,Post-apocalyptic,1,Bronze
1016,Grim Dawn,Zombies,1,Bronze
1017,Age of Empires II Definitive Edition,Multiplayer,1,Bronze
1018,Age of Empires II Definitive Edition,Co-op,1,Bronze
1019,Age of Empires II Definitive Edition,Tactics,1,Bronze
1020,Age of Empires II Definitive Edition,Strategy,1,Bronze
1021,Age of Empires II Definitive Edition,Action,1,Bronze
1022,Age of Empires II Definitive Edition,Construction,1,Bronze
1023,Age of Empires II Definitive Edition,Great Soundtrack,1,Bronze
1024,Age of Empires II Definitive Edition,Singleplayer,1,Bronze
1025,Age of Empires II Definitive Edition,Historical,1,Bronze
1026,Age of Empires II Definitive Edition,Adventure/Exploration,1,Bronze
1027,Age of Empires II Definitive Edition,Replay Value,1,Bronze
1028,Age of Empires II Definitive Edition,Fantasy,1,Bronze
1029,Age of Empires II Definitive Edition,Resource Management,1,Bronze
1030,Age of Empires II Definitive Edition,Classic,1,Bronze
1031,Age of Empires II Definitive Edition,2D,1,Bronze
1032,Wallpaper Engine,First-Person,1,Bronze
1033,Wallpaper Engine,Action,1,Bronze
1034,Wallpaper Engine,Singleplayer,1,Bronze
1035,Wallpaper Engine,Early Access,1,Bronze
1036,Wallpaper Engine,Open World,1,Bronze
1037,Wallpaper Engine,Funny,1,Bronze
1038,Wallpaper Engine,Horror,1,Bronze
1039,Wallpaper Engine,Indie,1,Bronze
1040,Wallpaper Engine,Mature,1,Bronze
1041,Wallpaper Engine,Anime,1,Bronze
1042,Yu-Gi-Oh Duel Links,Multiplayer,1,Bronze
1043,Yu-Gi-Oh Duel Links,Strategy,1,Bronze
1044,Yu-Gi-Oh Duel Links,Action,1,Bronze
1045,Yu-Gi-Oh Duel Links,Simulation,1,Bronze
1046,Yu-Gi-Oh Duel Links,Turn-Based,1,Bronze
1047,Yu-Gi-Oh Duel Links,Great Soundtrack,1,Bronze
1048,Yu-Gi-Oh Duel Links,Singleplayer,1,Bronze
1049,Yu-Gi-Oh Duel Links,RPG,1,Bronze
1050,Yu-Gi-Oh Duel Links,Massively Multiplayer,1,Bronze
1051,Yu-Gi-Oh Duel Links,Free to Play,1,Bronze
1052,Yu-Gi-Oh Duel Links,Adventure/Exploration,1,Bronze
1053,Yu-Gi-Oh Duel Links,Horror,1,Bronze
1054,Yu-Gi-Oh Duel Links,Casual,1,Bronze
1055,Yu-Gi-Oh Duel Links,Anime,1,Bronze
1056,Jurassic World Evolution,Multiplayer,1,Bronze
1057,Jurassic World Evolution,Strategy,1,Bronze
1058,Jurassic World Evolution,Action,1,Bronze
1059,Jurassic World Evolution,Simulation,1,Bronze
1060,Jurassic World Evolution,Atmospheric,1,Bronze
1061,Jurassic World Evolution,Building,1,Bronze
1062,Jurassic World Evolution,Construction,1,Bronze
1063,Jurassic World Evolution,Great Soundtrack,1,Bronze
1064,Jurassic World Evolution,Management,1,Bronze
1065,Jurassic World Evolution,Singleplayer,1,Bronze
1066,Jurassic World Evolution,Survival,1,Bronze
1067,Jurassic World Evolution,Sci-fi,1,Bronze
1068,Jurassic World Evolution,Adventure/Exploration,1,Bronze
1069,Jurassic World Evolution,Open World,1,Bronze
1070,Jurassic World Evolution,Violent,1,Bronze
1071,Jurassic World Evolution,Casual,1,Bronze
1072,Jurassic World Evolution,Political,1,Bronze
1073,Jurassic World Evolution,Resource Management,1,Bronze
1074,No Mans Sky,Multiplayer,1,Bronze
1075,No Mans Sky,First-Person,1,Bronze
1076,No Mans Sky,First-Person Shooter,1,Bronze
1077,No Mans Sky,Action,1,Bronze
1078,No Mans Sky,Simulation,1,Bronze
1079,No Mans Sky,Atmospheric,1,Bronze
1080,No Mans Sky,Singleplayer,1,Bronze
1081,No Mans Sky,Survival,1,Bronze
1082,No Mans Sky,Sci-fi,1,Bronze
1083,No Mans Sky,Adventure/Exploration,1,Bronze
1084,No Mans Sky,Open World,1,Bronze
1085,No Mans Sky,Indie,1,Bronze
1086,No Mans Sky,Crafting,1,Bronze
1087,ASTRONEER,Multiplayer,1,Bronze
1088,ASTRONEER,Co-op,1,Bronze
1089,ASTRONEER,Simulation,1,Bronze
1090,ASTRONEER,Atmospheric,1,Bronze
1091,ASTRONEER,Building,1,Bronze
1092,ASTRONEER,Construction,1,Bronze
1093,ASTRONEER,Singleplayer,1,Bronze
1094,ASTRONEER,Survival,1,Bronze
1095,ASTRONEER,Third Person,1,Bronze
1096,ASTRONEER,Sci-fi,1,Bronze
1097,ASTRONEER,Adventure/Exploration,1,Bronze
1098,ASTRONEER,Open World,1,Bronze
1099,ASTRONEER,Indie,1,Bronze
1100,ASTRONEER,Crafting,1,Bronze
1101,Hunt Showdown,Multiplayer,1,Bronze
1102,Hunt Showdown,Difficult,1,Bronze
1103,Hunt Showdown,PvP,1,Bronze
1104,Hunt Showdown,Co-op,1,Bronze
1105,Hunt Showdown,Shooter,1,Bronze
1106,Hunt Showdown,Tactics,1,Bronze
1107,Hunt Showdown,First-Person Shooter,1,Bronze
1108,Hunt Showdown,Action,1,Bronze
1109,Hunt Showdown,Atmospheric,1,Bronze
1110,Hunt Showdown,Open World,1,Bronze
1111,Hunt Showdown,Gore,1,Bronze
1112,Hunt Showdown,Horror,1,Bronze
1113,Hunt Showdown,Zombies,1,Bronze
1114,NBA 2K20,Multiplayer,1,Bronze
1115,NBA 2K20,Realistic,1,Bronze
1116,NBA 2K20,Simulation,1,Bronze
1117,NBA 2K20,Singleplayer,1,Bronze
1118,NBA 2K20,Character Customization,1,Bronze
1119,NBA 2K20,Massively Multiplayer,1,Bronze
1120,NBA 2K20,Loot,1,Bronze
1121,NBA 2K20,Controller,1,Bronze
1122,NBA 2K20,Casual,1,Bronze
1123,NBA 2K20,Local Multiplayer,1,Bronze
1124,NBA 2K20,Political,1,Bronze
1125,Dying Light,Multiplayer,1,Bronze
1126,Dying Light,First-Person,1,Bronze
1127,Dying Light,PvP,1,Bronze
1128,Dying Light,First-Person Shooter,1,Bronze
1129,Dying Light,Action,1,Bronze
1130,Dying Light,Survival,1,Bronze
1131,Dying Light,Stealth,1,Bronze
1132,Dying Light,PvE,1,Bronze
1133,Dying Light,Combat,1,Bronze
1134,Dying Light,Action RPG,1,Bronze
1135,Dying Light,Open World,1,Bronze
1136,Dying Light,Story Rich,1,Bronze
1137,Dying Light,Gore,1,Bronze
1138,Dying Light,Horror,1,Bronze
1139,Dying Light,Post-apocalyptic,1,Bronze
1140,Dying Light,Zombies,1,Bronze
1141,Frostpunk,Difficult,1,Bronze
1142,Frostpunk,Strategy,1,Bronze
1143,Frostpunk,Simulation,1,Bronze
1144,Frostpunk,Atmospheric,1,Bronze
1145,Frostpunk,Building,1,Bronze
1146,Frostpunk,Construction,1,Bronze
1147,Frostpunk,Great Soundtrack,1,Bronze
1148,Frostpunk,Management,1,Bronze
1149,Frostpunk,Singleplayer,1,Bronze
1150,Frostpunk,Survival,1,Bronze
1151,Frostpunk,Story Rich,1,Bronze
1152,Frostpunk,Horror,1,Bronze
1153,Frostpunk,Post-apocalyptic,1,Bronze
1154,Frostpunk,Political,1,Bronze
1155,Frostpunk,Real-Time with Pause,1,Bronze
1156,Frostpunk,Resource Management,1,Bronze
1157,HITMAN 2,Multiplayer,1,Bronze
1158,HITMAN 2,Co-op,1,Bronze
1159,HITMAN 2,Shooter,1,Bronze
1160,HITMAN 2,Strategy,1,Bronze
1161,HITMAN 2,Action,1,Bronze
1162,HITMAN 2,Atmospheric,1,Bronze
1163,HITMAN 2,Great Soundtrack,1,Bronze
1164,HITMAN 2,Singleplayer,1,Bronze
1165,HITMAN 2,Stealth,1,Bronze
1166,HITMAN 2,Third Person,1,Bronze
1167,HITMAN 2,Third-Person Shooter,1,Bronze
1168,HITMAN 2,Open World,1,Bronze
1169,HITMAN 2,Violent,1,Bronze
1170,HITMAN 2,Funny,1,Bronze
1171,HITMAN 2,Gore,1,Bronze
1172,HITMAN 2,Nudity,1,Bronze
1173,Planet Coaster,First-Person,1,Bronze
1174,Planet Coaster,Realistic,1,Bronze
1175,Planet Coaster,Strategy,1,Bronze
1176,Planet Coaster,Simulation,1,Bronze
1177,Planet Coaster,Atmospheric,1,Bronze
1178,Planet Coaster,Building,1,Bronze
1179,Planet Coaster,Construction,1,Bronze
1180,Planet Coaster,Great Soundtrack,1,Bronze
1181,Planet Coaster,Management,1,Bronze
1182,Planet Coaster,Singleplayer,1,Bronze
1183,Planet Coaster,Third Person,1,Bronze
1184,Planet Coaster,Open World,1,Bronze
1185,Planet Coaster,Funny,1,Bronze
1186,Planet Coaster,Casual,1,Bronze
1187,Planet Coaster,Political,1,Bronze
1188,Planet Coaster,Relaxing,1,Bronze
1189,Planet Coaster,Family Friendly,1,Bronze
1190,Planet Coaster,3D,1,Bronze
1191,Fallout 4,First-Person,1,Bronze
1192,Fallout 4,Shooter,1,Bronze
1193,Fallout 4,First-Person Shooter,1,Bronze
1194,Fallout 4,Action,1,Bronze
1195,Fallout 4,Atmospheric,1,Bronze
1196,Fallout 4,Great Soundtrack,1,Bronze
1197,Fallout 4,Singleplayer,1,Bronze
1198,Fallout 4,Survival,1,Bronze
1199,Fallout 4,Third Person,1,Bronze
1200,Fallout 4,Third-Person Shooter,1,Bronze
1201,Fallout 4,Character Customization,1,Bronze
1202,Fallout 4,RPG,1,Bronze
1203,Fallout 4,Sci-fi,1,Bronze
1204,Fallout 4,Action RPG,1,Bronze
1205,Fallout 4,Adventure/Exploration,1,Bronze
1206,Fallout 4,Open World,1,Bronze
1207,Fallout 4,Story Rich,1,Bronze
1208,Fallout 4,Post-apocalyptic,1,Bronze
1209,American Truck Simulator,Multiplayer,1,Bronze
1210,American Truck Simulator,Realistic,1,Bronze
1211,American Truck Simulator,Moddable,1,Bronze
1212,American Truck Simulator,Simulation,1,Bronze
1213,American Truck Simulator,Atmospheric,1,Bronze
1214,American Truck Simulator,Management,1,Bronze
1215,American Truck Simulator,Singleplayer,1,Bronze
1216,American Truck Simulator,Adventure/Exploration,1,Bronze
1217,American Truck Simulator,Open World,1,Bronze
1218,American Truck Simulator,Casual,1,Bronze
1219,American Truck Simulator,Political,1,Bronze
1220,American Truck Simulator,Relaxing,1,Bronze
1221,American Truck Simulator,Family Friendly,1,Bronze
1222,Raft,Multiplayer,1,Bronze
1223,Raft,First-Person,1,Bronze
1224,Raft,Co-op,1,Bronze
1225,Raft,Strategy,1,Bronze
1226,Raft,Action,1,Bronze
1227,Raft,Simulation,1,Bronze
1228,Raft,Building,1,Bronze
1229,Raft,Construction,1,Bronze
1230,Raft,Singleplayer,1,Bronze
1231,Raft,Early Access,1,Bronze
1232,Raft,Survival,1,Bronze
1233,Raft,Massively Multiplayer,1,Bronze
1234,Raft,Adventure/Exploration,1,Bronze
1235,Raft,Open World,1,Bronze
1236,Raft,Indie,1,Bronze
1237,Raft,Crafting,1,Bronze
1238,Kenshi,Strategy,1,Bronze
1239,Kenshi,Simulation,1,Bronze
1240,Kenshi,Building,1,Bronze
1241,Kenshi,Construction,1,Bronze
1242,Kenshi,Management,1,Bronze
1243,Kenshi,Singleplayer,1,Bronze
1244,Kenshi,Survival,1,Bronze
1245,Kenshi,Character Customization,1,Bronze
1246,Kenshi,RPG,1,Bronze
1247,Kenshi,Adventure/Exploration,1,Bronze
1248,Kenshi,Open World,1,Bronze
1249,Kenshi,Indie,1,Bronze
1250,Kenshi,Post-apocalyptic,1,Bronze
1251,Kenshi,Crafting,1,Bronze
1252,DARK SOULS III,Multiplayer,1,Bronze
1253,DARK SOULS III,Difficult,1,Bronze
1254,DARK SOULS III,PvP,1,Bronze
1255,DARK SOULS III,Co-op,1,Bronze
1256,DARK SOULS III,Action,1,Bronze
1257,DARK SOULS III,Atmospheric,1,Bronze
1258,DARK SOULS III,Great Soundtrack,1,Bronze
1259,DARK SOULS III,Singleplayer,1,Bronze
1260,DARK SOULS III,Third Person,1,Bronze
1261,DARK SOULS III,Character Customization,1,Bronze
1262,DARK SOULS III,RPG,1,Bronze
1263,DARK SOULS III,Action RPG,1,Bronze
1264,DARK SOULS III,Adventure/Exploration,1,Bronze
1265,DARK SOULS III,Replay Value,1,Bronze
1266,DARK SOULS III,Open World,1,Bronze
1267,DARK SOULS III,Fantasy,1,Bronze
1268,DARK SOULS III,Story Rich,1,Bronze
1269,DARK SOULS III,Souls-like,1,Bronze
1270,Insurgency Sandstorm,Multiplayer,1,Bronze
1271,Insurgency Sandstorm,Difficult,1,Bronze
1272,Insurgency Sandstorm,First-Person,1,Bronze
1273,Insurgency Sandstorm,Realistic,1,Bronze
1274,Insurgency Sandstorm,Co-op,1,Bronze
1275,Insurgency Sandstorm,Shooter,1,Bronze
1276,Insurgency Sandstorm,Military,1,Bronze
1277,Insurgency Sandstorm,Tactics,1,Bronze
1278,Insurgency Sandstorm,War,1,Bronze
1279,Insurgency Sandstorm,First-Person Shooter,1,Bronze
1280,Insurgency Sandstorm,Action,1,Bronze
1281,Insurgency Sandstorm,Simulation,1,Bronze
1282,Insurgency Sandstorm,Atmospheric,1,Bronze
1283,Insurgency Sandstorm,Massively Multiplayer,1,Bronze
1284,Insurgency Sandstorm,Open World,1,Bronze
1285,Insurgency Sandstorm,Violent,1,Bronze
1286,Insurgency Sandstorm,Story Rich,1,Bronze
1287,Insurgency Sandstorm,Gore,1,Bronze
1288,Insurgency Sandstorm,Indie,1,Bronze
1289,Cyberpunk 2077,First-Person,1,Bronze
1290,Cyberpunk 2077,First-Person Shooter,1,Bronze
1291,Cyberpunk 2077,Action,1,Bronze
1292,Cyberpunk 2077,Atmospheric,1,Bronze
1293,Cyberpunk 2077,Great Soundtrack,1,Bronze
1294,Cyberpunk 2077,Singleplayer,1,Bronze
1295,Cyberpunk 2077,Character Customization,1,Bronze
1296,Cyberpunk 2077,RPG,1,Bronze
1297,Cyberpunk 2077,Sci-fi,1,Bronze
1298,Cyberpunk 2077,Action RPG,1,Bronze
1299,Cyberpunk 2077,Adventure/Exploration,1,Bronze
1300,Cyberpunk 2077,Open World,1,Bronze
1301,Cyberpunk 2077,Violent,1,Bronze
1302,Cyberpunk 2077,Story Rich,1,Bronze
1303,Cyberpunk 2077,Mature,1,Bronze
1304,Cyberpunk 2077,Nudity,1,Bronze
1305,Two Point Hospital,Multiplayer,1,Bronze
1306,Two Point Hospital,Tactics,1,Bronze
1307,Two Point Hospital,Strategy,1,Bronze
1308,Two Point Hospital,Simulation,1,Bronze
1309,Two Point Hospital,Building,1,Bronze
1310,Two Point Hospital,Construction,1,Bronze
1311,Two Point Hospital,Management,1,Bronze
1312,Two Point Hospital,Singleplayer,1,Bronze
1313,Two Point Hospital,Replay Value,1,Bronze
1314,Two Point Hospital,Open World,1,Bronze
1315,Two Point Hospital,Funny,1,Bronze
1316,Two Point Hospital,Comedy,1,Bronze
1317,Two Point Hospital,Indie,1,Bronze
1318,Two Point Hospital,Casual,1,Bronze
1319,Two Point Hospital,Family Friendly,1,Bronze
1320,Two Point Hospital,Classic,1,Bronze
1321,Bloodstained Ritual of the Night,Difficult,1,Bronze
1322,Bloodstained Ritual of the Night,Action,1,Bronze
1323,Bloodstained Ritual of the Night,Great Soundtrack,1,Bronze
1324,Bloodstained Ritual of the Night,Singleplayer,1,Bronze
1325,Bloodstained Ritual of the Night,RPG,1,Bronze
1326,Bloodstained Ritual of the Night,Adventure/Exploration,1,Bronze
1327,Bloodstained Ritual of the Night,Fantasy,1,Bronze
1328,Bloodstained Ritual of the Night,Female Protagonist,1,Bronze
1329,Bloodstained Ritual of the Night,Horror,1,Bronze
1330,Bloodstained Ritual of the Night,Indie,1,Bronze
1331,Bloodstained Ritual of the Night,Crafting,1,Bronze
1332,Bloodstained Ritual of the Night,Nudity,1,Bronze
1333,Bloodstained Ritual of the Night,Anime,1,Bronze
1334,Bloodstained Ritual of the Night,2D,1,Bronze
1335,Human Fall Flat,Multiplayer,1,Bronze
1336,Human Fall Flat,Co-op,1,Bronze
1337,Human Fall Flat,Action,1,Bronze
1338,Human Fall Flat,Simulation,1,Bronze
1339,Human Fall Flat,Singleplayer,1,Bronze
1340,Human Fall Flat,Adventure/Exploration,1,Bronze
1341,Human Fall Flat,Open World,1,Bronze
1342,Human Fall Flat,Funny,1,Bronze
1343,Human Fall Flat,Comedy,1,Bronze
1344,Human Fall Flat,Indie,1,Bronze
1345,Human Fall Flat,Casual,1,Bronze
1346,Human Fall Flat,Local Multiplayer,1,Bronze
1347,Overcooked 2,Multiplayer,1,Bronze
1348,Overcooked 2,Difficult,1,Bronze
1349,Overcooked 2,Co-op,1,Bronze
1350,Overcooked 2,Strategy,1,Bronze
1351,Overcooked 2,Action,1,Bronze
1352,Overcooked 2,Simulation,1,Bronze
1353,Overcooked 2,Singleplayer,1,Bronze
1354,Overcooked 2,Funny,1,Bronze
1355,Overcooked 2,Comedy,1,Bronze
1356,Overcooked 2,Controller,1,Bronze
1357,Overcooked 2,Indie,1,Bronze
1358,Overcooked 2,Casual,1,Bronze
1359,Overcooked 2,Local Multiplayer,1,Bronze
1360,Overcooked 2,Family Friendly,1,Bronze
1361,Europa Universalis IV,Multiplayer,1,Bronze
1362,Europa Universalis IV,Co-op,1,Bronze
1363,Europa Universalis IV,Military,1,Bronze
1364,Europa Universalis IV,Moddable,1,Bronze
1365,Europa Universalis IV,Strategy,1,Bronze
1366,Europa Universalis IV,Simulation,1,Bronze
1367,Europa Universalis IV,Grand Strategy,1,Bronze
1368,Europa Universalis IV,Management,1,Bronze
1369,Europa Universalis IV,Singleplayer,1,Bronze
1370,Europa Universalis IV,Historical,1,Bronze
1371,Europa Universalis IV,Replay Value,1,Bronze
1372,Europa Universalis IV,Open World,1,Bronze
1373,Europa Universalis IV,Political,1,Bronze
1374,Europa Universalis IV,Real-Time with Pause,1,Bronze
1375,Crusader Kings II,Multiplayer,1,Bronze
1376,Crusader Kings II,Moddable,1,Bronze
1377,Crusader Kings II,Strategy,1,Bronze
1378,Crusader Kings II,Simulation,1,Bronze
1379,Crusader Kings II,Grand Strategy,1,Bronze
1380,Crusader Kings II,Great Soundtrack,1,Bronze
1381,Crusader Kings II,Singleplayer,1,Bronze
1382,Crusader Kings II,Historical,1,Bronze
1383,Crusader Kings II,Character Customization,1,Bronze
1384,Crusader Kings II,RPG,1,Bronze
1385,Crusader Kings II,Free to Play,1,Bronze
1386,Crusader Kings II,Replay Value,1,Bronze
1387,Crusader Kings II,Open World,1,Bronze
1388,Crusader Kings II,Fantasy,1,Bronze
1389,Crusader Kings II,Political,1,Bronze
1390,Crusader Kings II,Real-Time with Pause,1,Bronze
1391,RimWorld,Moddable,1,Bronze
1392,RimWorld,Tactics,1,Bronze
1393,RimWorld,Strategy,1,Bronze
1394,RimWorld,Simulation,1,Bronze
1395,RimWorld,Building,1,Bronze
1396,RimWorld,Construction,1,Bronze
1397,RimWorld,Management,1,Bronze
1398,RimWorld,Singleplayer,1,Bronze
1399,RimWorld,Survival,1,Bronze
1400,RimWorld,Sci-fi,1,Bronze
1401,RimWorld,Open World,1,Bronze
1402,RimWorld,Indie,1,Bronze
1403,RimWorld,2D,1,Bronze
1404,Dont Starve Together,Multiplayer,1,Bronze
1405,Dont Starve Together,Difficult,1,Bronze
1406,Dont Starve Together,Co-op,1,Bronze
1407,Dont Starve Together,Strategy,1,Bronze
1408,Dont Starve Together,Action,1,Bronze
1409,Dont Starve Together,Atmospheric,1,Bronze
1410,Dont Starve Together,Singleplayer,1,Bronze
1411,Dont Starve Together,Survival,1,Bronze
1412,Dont Starve Together,Adventure/Exploration,1,Bronze
1413,Dont Starve Together,Open World,1,Bronze
1414,Dont Starve Together,Funny,1,Bronze
1415,Dont Starve Together,Horror,1,Bronze
1416,Dont Starve Together,Indie,1,Bronze
1417,Dont Starve Together,Crafting,1,Bronze
1418,Dont Starve Together,2D,1,Bronze
1419,NBA 2K19,Multiplayer,1,Bronze
1420,NBA 2K19,Realistic,1,Bronze
1421,NBA 2K19,Co-op,1,Bronze
1422,NBA 2K19,First-Person Shooter,1,Bronze
1423,NBA 2K19,Simulation,1,Bronze
1424,NBA 2K19,Atmospheric,1,Bronze
1425,NBA 2K19,Great Soundtrack,1,Bronze
1426,NBA 2K19,Singleplayer,1,Bronze
1427,NBA 2K19,Massively Multiplayer,1,Bronze
1428,NBA 2K19,Open World,1,Bronze
1429,NBA 2K19,Loot,1,Bronze
1430,NBA 2K19,Violent,1,Bronze
1431,NBA 2K19,Funny,1,Bronze
1432,NBA 2K19,Controller,1,Bronze
1433,NBA 2K19,Local Multiplayer,1,Bronze
